merchant;company_id
fraud_Rippin, Kub and Mann;1
fraud_Heller, Gutmann and Zieme;2
fraud_Lind-Buckridge;3
fraud_Kutch, Hermiston and Farrell;4
fraud_Keeling-Crist;5
fraud_Stroman, Hudson and Erdman;6
fraud_Rowe-Vandervort;7
fraud_Corwin-Collins;8
fraud_Herzog Ltd;9
fraud_Schoen, Kuphal and Nitzsche;10
fraud_Rutherford-Mertz;11
fraud_Kerluke-Abshire;12
fraud_Lockman Ltd;13
fraud_Kiehn Inc;14
fraud_Beier-Hyatt;15
fraud_Schmidt and Sons;16
fraud_Lebsack and Sons;17
fraud_Mayert Group;18
fraud_Konopelski, Schneider and Hartmann;19
fraud_Schultz, Simonis and Little;20
fraud_Bauch-Raynor;21
fraud_Harris Inc;22
fraud_Kling-Grant;23
fraud_Pacocha-Bauch;24
fraud_Lesch Ltd;25
fraud_Kunde-Sanford;26
fraud_Deckow-O'Conner;27
fraud_Bruen-Yost;28
fraud_Kunze Inc;29
fraud_Nitzsche, Kessler and Wolff;30
fraud_Kihn, Abernathy and Douglas;31
fraud_Torphy-Goyette;32
fraud_Balistreri-Nader;33
fraud_Bahringer, Schoen and Corkery;34
fraud_Hudson-Ratke;35
fraud_Heidenreich PLC;36
fraud_Halvorson Group;37
fraud_Harber Inc;38
fraud_Mosciski, Gislason and Mertz;39
fraud_Christiansen, Goyette and Schamberger;40
fraud_Howe Ltd;41
fraud_Ledner-Pfannerstill;42
fraud_Koepp-Witting;43
fraud_Doyle Ltd;44
fraud_Schaefer, Maggio and Daugherty;45
fraud_Stracke-Lemke;46
fraud_Mosciski, Ziemann and Farrell;47
fraud_Cartwright-Harris;48
fraud_Pacocha-O'Reilly;49
fraud_Pfeffer LLC;50
fraud_Huels-Hahn;51
fraud_Volkman PLC;52
fraud_Kiehn-Emmerich;53
fraud_Kemmer-Buckridge;54
fraud_Cummerata-Jones;55
fraud_Goldner, Kovacek and Abbott;56
fraud_Spinka-Welch;57
fraud_Huel-Langworth;58
fraud_Macejkovic-Lesch;59
fraud_Morar Inc;60
fraud_Eichmann, Bogan and Rodriguez;61
fraud_Huel, Hammes and Witting;62
fraud_Ferry, Lynch and Kautzer;63
fraud_Heathcote LLC;64
fraud_Little, Gutmann and Lynch;65
fraud_Jaskolski-Dibbert;66
fraud_Hackett-Lueilwitz;67
fraud_Cummings LLC;68
fraud_Swaniawski, Lowe and Robel;69
fraud_Osinski, Ledner and Leuschke;70
fraud_Reichert, Huels and Hoppe;71
fraud_Ankunding LLC;72
fraud_Pfeffer and Sons;73
fraud_Greenholt, Jacobi and Gleason;74
fraud_Connelly, Reichert and Fritsch;75
fraud_Torp-Labadie;76
fraud_Wolf Inc;77
fraud_VonRueden Group;78
fraud_Vandervort-Funk;79
fraud_Bernhard Inc;80
fraud_Morissette, Weber and Wiegand;81
fraud_Brekke and Sons;82
fraud_Mraz-Herzog;83
fraud_Padberg-Welch;84
fraud_Kutch-Hegmann;85
fraud_Corwin-Gorczany;86
fraud_Huels-Nolan;87
fraud_DuBuque LLC;88
fraud_Schmeler Inc;89
fraud_Schaefer, McGlynn and Bosco;90
fraud_Williamson LLC;91
fraud_Pouros-Conroy;92
fraud_Erdman-Kertzmann;93
fraud_Kuhn LLC;94
fraud_Fisher-Schowalter;95
fraud_Medhurst PLC;96
fraud_Kerluke Inc;97
fraud_Stark-Batz;98
fraud_Gottlieb, Considine and Schultz;99
fraud_Adams, Kovacek and Kuhlman;100
fraud_Grimes LLC;101
fraud_Rodriguez Group;102
fraud_Wuckert-Walter;103
fraud_Weber and Sons;104
fraud_Herman, Treutel and Dickens;105
fraud_Rau and Sons;106
fraud_Koss and Sons;107
fraud_Smitham-Schiller;108
fraud_Hills-Olson;109
fraud_Durgan-Auer;110
fraud_McDermott-Rice;111
fraud_Raynor, Reinger and Hagenes;112
fraud_Powlowski-Weimann;113
fraud_Langosh, Wintheiser and Hyatt;114
fraud_Baumbach, Hodkiewicz and Walsh;115
fraud_Rempel Inc;116
fraud_Bins-Rice;117
fraud_Emard Inc;118
fraud_Kutch and Sons;119
fraud_Fisher Inc;120
fraud_Olson, Becker and Koch;121
fraud_Friesen-D'Amore;122
fraud_Reilly, Heaney and Cole;123
fraud_Boyer PLC;124
fraud_Luettgen PLC;125
fraud_Cassin-Harvey;126
fraud_Funk Group;127
fraud_Goodwin-Nitzsche;128
fraud_Parisian, Schiller and Altenwerth;129
fraud_Metz-Boehm;130
fraud_Monahan, Bogisich and Ledner;131
fraud_Koelpin and Sons;132
fraud_Kuhic LLC;133
fraud_Koepp-Parker;134
fraud_Stehr, Jewess and Schimmel;135
fraud_Quitzon, Green and Bashirian;136
fraud_Nicolas, Hills and McGlynn;137
fraud_Leannon-Ward;138
fraud_Friesen-Stamm;139
fraud_Botsford Ltd;140
fraud_Bradtke PLC;141
fraud_Zieme, Bode and Dooley;142
fraud_Hills-Witting;143
fraud_Brown-Greenholt;144
fraud_Bernhard, Grant and Langworth;145
fraud_Wiza, Schaden and Stark;146
fraud_Buckridge PLC;147
fraud_Kilback LLC;148
fraud_Spinka Inc;149
fraud_Kerluke, Kertzmann and Wiza;150
fraud_Ferry, Reichel and DuBuque;151
fraud_Price Inc;152
fraud_Johnston, Nikolaus and Maggio;153
fraud_Berge LLC;154
fraud_Conroy-Cruickshank;155
fraud_Abshire PLC;156
fraud_Gleason-Macejkovic;157
fraud_McGlynn-Jaskolski;158
fraud_Bartoletti-Wunsch;159
fraud_Cole PLC;160
fraud_Lehner, Reichert and Mills;161
fraud_McCullough LLC;162
fraud_Schmitt Ltd;163
fraud_Pouros-Haag;164
fraud_Strosin-Cruickshank;165
fraud_Weimann, Kuhic and Beahan;166
fraud_Donnelly PLC;167
fraud_Lockman, West and Runte;168
fraud_Torp-Lemke;169
fraud_Kris-Weimann;170
fraud_Rodriguez, Yost and Jenkins;171
fraud_Wiegand-Lowe;172
fraud_Auer-Mosciski;173
fraud_Okuneva, Schneider and Rau;174
fraud_Kassulke PLC;175
fraud_Dach-Nader;176
fraud_Cummings Group;177
fraud_Reichert, Shanahan and Hayes;178
fraud_Tromp, Kerluke and Glover;179
fraud_Bins, Balistreri and Beatty;180
fraud_Trantow PLC;181
fraud_Miller-Hauck;182
fraud_Kuvalis Ltd;183
fraud_Dickinson Ltd;184
fraud_Stanton, Jakubowski and Baumbach;185
fraud_Rohan, White and Aufderhar;186
fraud_Cormier, Stracke and Thiel;187
fraud_Tillman, Fritsch and Schmitt;188
fraud_Christiansen-Gusikowski;189
fraud_Jenkins, Hauck and Friesen;190
fraud_Reichel Inc;191
fraud_Prohaska-Murray;192
fraud_Parker, Nolan and Trantow;193
fraud_Volkman Ltd;194
fraud_Streich, Hansen and Veum;195
fraud_Kutch LLC;196
fraud_Barton Inc;197
fraud_Dooley-Thompson;198
fraud_Flatley Group;199
fraud_Turcotte-Halvorson;200
fraud_Lynch Ltd;201
fraud_Romaguera, Cruickshank and Greenholt;202
fraud_Gutmann Ltd;203
fraud_Sporer Inc;204
fraud_Runolfsson and Sons;205
fraud_Block Group;206
fraud_Bahringer-Larson;207
fraud_Rowe, Batz and Goodwin;208
fraud_Schmitt Inc;209
fraud_Maggio-Fahey;210
fraud_Haley, Jewess and Bechtelar;211
fraud_Ruecker, Beer and Collier;212
fraud_Robel, Cummerata and Prosacco;213
fraud_Jast-McDermott;214
fraud_Bernier, Volkman and Hoeger;215
fraud_Heaney-Marquardt;216
fraud_Hudson-Grady;217
fraud_Towne, Walker and Borer;218
fraud_Terry-Huel;219
fraud_Kihn-Fritsch;220
fraud_Eichmann-Russel;221
fraud_Miller-Harris;222
fraud_Schumm PLC;223
fraud_Greenfelder, Bartoletti and Davis;224
fraud_Kovacek, Dibbert and Ondricka;225
fraud_Hermann-Gaylord;226
fraud_Bailey-Morar;227
fraud_McDermott-Weimann;228
fraud_Welch Inc;229
fraud_Auer-West;230
fraud_Boehm, Predovic and Reinger;231
fraud_Dibbert and Sons;232
fraud_Lind, Huel and McClure;233
fraud_Casper, Hand and Zulauf;234
fraud_McCullough Group;235
fraud_Streich, Dietrich and Barton;236
fraud_O'Keefe-Hudson;237
fraud_Pagac LLC;238
fraud_Bernier, Streich and Jewess;239
fraud_Greenholt, O'Hara and Balistreri;240
fraud_Dickinson-Rempel;241
fraud_Dare-Marvin;242
fraud_Spencer PLC;243
fraud_Stamm-Rodriguez;244
fraud_Langworth, Boehm and Gulgowski;245
fraud_Larkin, Stracke and Greenfelder;246
fraud_Yost, Block and Koepp;247
fraud_Douglas, Schneider and Turner;248
fraud_Kuphal-Predovic;249
fraud_Parisian and Sons;250
fraud_Flatley-Durgan;251
fraud_Gislason Group;252
fraud_Bednar Group;253
fraud_Heller-Langosh;254
fraud_Zboncak Ltd;255
fraud_Gerlach Inc;256
fraud_Wilkinson Ltd;257
fraud_Moen, Reinger and Murphy;258
fraud_Kerluke, Considine and Macejkovic;259
fraud_Upton PLC;260
fraud_Bogisich Inc;261
fraud_Marks Inc;262
fraud_Murray-Smitham;263
fraud_Frami Group;264
fraud_Ortiz Group;265
fraud_Goldner-Lemke;266
fraud_Hickle Group;267
fraud_Conroy Ltd;268
fraud_Schumm, Bauch and Ondricka;269
fraud_McGlynn-Heathcote;270
fraud_Herman Inc;271
fraud_Gutmann-Upton;272
fraud_Volkman-Predovic;273
fraud_Wintheiser, Dietrich and Schimmel;274
fraud_Raynor, Feest and Miller;275
fraud_Bogisich-Homenick;276
fraud_Jast and Sons;277
fraud_Baumbach, Strosin and Nicolas;278
fraud_Towne, Greenholt and Koepp;279
fraud_Schamberger-O'Keefe;280
fraud_Nienow PLC;281
fraud_Emmerich-Luettgen;282
fraud_Mante Group;283
fraud_Baumbach, Feeney and Morar;284
fraud_Thiel PLC;285
fraud_Mohr Inc;286
fraud_Hagenes, Kohler and Hoppe;287
fraud_Block-Parisian;288
fraud_Dooley Inc;289
fraud_Bashirian Group;290
fraud_Cremin, Hamill and Reichel;291
fraud_Sawayn PLC;292
fraud_Jewess LLC;293
fraud_Roberts-Beahan;294
fraud_Brown PLC;295
fraud_Tillman, Dickinson and Labadie;296
fraud_Reichert, Rowe and Mraz;297
fraud_Kilback Group;298
fraud_Spencer-Runolfsson;299
fraud_Labadie, Treutel and Bode;300
fraud_Dach-Borer;301
fraud_Johnson, Runolfsdottir and Mayer;302
fraud_Smitham-Boehm;303
fraud_Moore, Dibbert and Koepp;304
fraud_Hamill-Daugherty;305
fraud_Watsica, Haag and Considine;306
fraud_Smith-Stokes;307
fraud_Kuhic, Bins and Pfeffer;308
fraud_Nader-Heller;309
fraud_Kozey-Boehm;310
fraud_Stiedemann Inc;311
fraud_Lehner, Mosciski and King;312
fraud_Reynolds-Schinner;313
fraud_Koss, McLaughlin and Mayer;314
fraud_Terry, Johns and Bins;315
fraud_Kemmer-Reinger;316
fraud_Larson-Moen;317
fraud_Kuhic Inc;318
fraud_Kris-Padberg;319
fraud_Schmeler, Bashirian and Price;320
fraud_Klocko LLC;321
fraud_Schaefer, Fay and Hilll;322
fraud_Kling Inc;323
fraud_Turner and Sons;324
fraud_Mohr-Bayer;325
fraud_Wiza LLC;326
fraud_Skiles-Ankunding;327
fraud_Jaskolski-Vandervort;328
fraud_Kerluke PLC;329
fraud_Ernser-Lynch;330
fraud_Zboncak, Rowe and Murazik;331
fraud_Stoltenberg-Beatty;332
fraud_Kuphal-Bartoletti;333
fraud_Rempel PLC;334
fraud_Denesik and Sons;335
fraud_Goyette Inc;336
fraud_Dicki Ltd;337
fraud_Stokes, Christiansen and Sipes;338
fraud_Hermann and Sons;339
fraud_Gibson-Deckow;340
fraud_Douglas-White;341
fraud_Murray Ltd;342
fraud_McKenzie-Huels;343
fraud_Runte-Mohr;344
fraud_Roob, Conn and Tremblay;345
fraud_Boyer-Reichert;346
fraud_Shanahan-Lehner;347
fraud_Greenholt Ltd;348
fraud_Kulas Group;349
fraud_Dare, Fritsch and Zboncak;350
fraud_Waters-Cruickshank;351
fraud_Kunze, Larkin and Mayert;352
fraud_Bednar Inc;353
fraud_Schimmel-Olson;354
fraud_Lubowitz, Terry and Stracke;355
fraud_Schoen-Quigley;356
fraud_Kihn-Schuster;357
fraud_Padberg-Rogahn;358
fraud_Lynch-Mohr;359
fraud_Hilpert-Conroy;360
fraud_Jacobi Inc;361
fraud_Berge, Kautzer and Harris;362
fraud_Hammes-Beatty;363
fraud_Gulgowski LLC;364
fraud_Schuppe, Nolan and Hoeger;365
fraud_Pollich LLC;366
fraud_Bernier and Sons;367
fraud_Wilkinson PLC;368
fraud_Kling-Ernser;369
fraud_O'Connell, Botsford and Hand;370
fraud_Little-Gleichner;371
fraud_Champlin and Sons;372
fraud_Hoppe-Parisian;373
fraud_Schuppe LLC;374
fraud_Emmerich-Rau;375
fraud_Beier LLC;376
fraud_Champlin-Casper;377
fraud_Gerhold LLC;378
fraud_Renner Ltd;379
fraud_Gaylord-Powlowski;380
fraud_Prosacco, Kreiger and Kovacek;381
fraud_Eichmann-Kilback;382
fraud_O'Hara-Wilderman;383
fraud_Terry Ltd;384
fraud_Beier and Sons;385
fraud_O'Keefe-Wisoky;386
fraud_Simonis-Prohaska;387
fraud_Breitenberg-Hermiston;388
fraud_Brown Inc;389
fraud_Fahey Inc;390
fraud_Boehm, Block and Jakubowski;391
fraud_Mante, Luettgen and Hackett;392
fraud_Thompson-Gleason;393
fraud_Turcotte, Batz and Buckridge;394
fraud_Goyette, Howell and Collier;395
fraud_Jones, Sawayn and Romaguera;396
fraud_Medhurst Inc;397
fraud_Bode-Schuster;398
fraud_Connelly-Carter;399
fraud_Gottlieb-Hansen;400
fraud_Schroeder, Wolff and Hermiston;401
fraud_Hettinger, McCullough and Fay;402
fraud_Pouros, Walker and Spencer;403
fraud_Kub PLC;404
fraud_Watsica LLC;405
fraud_Stiedemann Ltd;406
fraud_Hauck, Dietrich and Funk;407
fraud_Labadie LLC;408
fraud_Friesen Inc;409
fraud_Crist, Jakubowski and Littel;410
fraud_Hodkiewicz, Prohaska and Paucek;411
fraud_McDermott, Osinski and Morar;412
fraud_Fritsch and Sons;413
fraud_Swaniawski, Nitzsche and Welch;414
fraud_Windler, Goodwin and Kovacek;415
fraud_Yost, Schamberger and Windler;416
fraud_Metz, Russel and Metz;417
fraud_Erdman-Durgan;418
fraud_Bahringer, Bergnaum and Quitzon;419
fraud_Veum-Koelpin;420
fraud_Becker, Harris and Harvey;421
fraud_Monahan-Morar;422
fraud_Johns Inc;423
fraud_Mosciski Group;424
fraud_Abbott-Steuber;425
fraud_Schaefer Ltd;426
fraud_Dibbert-Green;427
fraud_Weimann-Lockman;428
fraud_Kub-Heaney;429
fraud_Zulauf LLC;430
fraud_Ratke and Sons;431
fraud_Jakubowski Inc;432
fraud_Beer-Jast;433
fraud_Kautzer and Sons;434
fraud_Feil-Morar;435
fraud_Johnston-Casper;436
fraud_Medhurst, Labadie and Gottlieb;437
fraud_Lesch, D'Amore and Brown;438
fraud_Botsford PLC;439
fraud_Bins-Howell;440
fraud_Kihn Inc;441
fraud_Hartmann, Rowe and Hermann;442
fraud_Towne LLC;443
fraud_Lynch-Wisozk;444
fraud_Kutch-Ferry;445
fraud_Goyette-Gerhold;446
fraud_Bradtke, Torp and Bahringer;447
fraud_Homenick LLC;448
fraud_Zemlak, Tillman and Cremin;449
fraud_Schneider, Hayes and Nikolaus;450
fraud_Schumm, McLaughlin and Carter;451
fraud_Nader-Maggio;452
fraud_Haley, Batz and Auer;453
fraud_Yost-Rogahn;454
fraud_Schoen, Nienow and Bauch;455
fraud_Ledner, Hartmann and Feest;456
fraud_Collier LLC;457
fraud_Schuppe-Schuppe;458
fraud_Walter, Hettinger and Kessler;459
fraud_Bechtelar-Rippin;460
fraud_Hamill-D'Amore;461
fraud_Swift PLC;462
fraud_Cronin, Kshlerin and Weber;463
fraud_Romaguera, Wehner and Tromp;464
fraud_Feil, Hilpert and Koss;465
fraud_White and Sons;466
fraud_Mueller, Gerhold and Mueller;467
fraud_Botsford and Sons;468
fraud_Kirlin and Sons;469
fraud_Bednar PLC;470
fraud_Runolfsdottir, Mueller and Hand;471
fraud_Kuphal-Toy;472
fraud_Bahringer-Streich;473
fraud_Wuckert, Wintheiser and Friesen;474
fraud_Crona and Sons;475
fraud_Prosacco LLC;476
fraud_Schiller Ltd;477
fraud_Waelchi-Wolf;478
fraud_Torphy-Kertzmann;479
fraud_McCullough, Hudson and Schuster;480
fraud_Baumbach Ltd;481
fraud_Schiller, Blanda and Johnson;482
fraud_Cartwright PLC;483
fraud_Reilly LLC;484
fraud_Cruickshank-Mills;485
fraud_Altenwerth, Cartwright and Koss;486
fraud_Effertz, Welch and Schowalter;487
fraud_Klocko, Runolfsdottir and Breitenberg;488
fraud_Ruecker-Mayert;489
fraud_Schroeder, Hauck and Treutel;490
fraud_Lemke-Gutmann;491
fraud_Graham, Hegmann and Hammes;492
fraud_Reilly and Sons;493
fraud_Stark-Koss;494
fraud_Daugherty LLC;495
fraud_Denesik, Powlowski and Pouros;496
fraud_Rippin-VonRueden;497
fraud_Heller PLC;498
fraud_Hills-Boyer;499
fraud_Cormier LLC;500
fraud_Erdman-Ebert;501
fraud_Bogisich-Weimann;502
fraud_Gutmann, McLaughlin and Wiza;503
fraud_Little Ltd;504
fraud_Bode-Rempel;505
fraud_Kutch, Steuber and Gerhold;506
fraud_Kessler Inc;507
fraud_Deckow-Dare;508
fraud_Rolfson-Kunde;509
fraud_Marvin-Lind;510
fraud_Barrows PLC;511
fraud_Abbott-Rogahn;512
fraud_Ziemann-Waters;513
fraud_Reinger, Weissnat and Strosin;514
fraud_Heathcote, Yost and Kertzmann;515
fraud_Will Ltd;516
fraud_Kutch-Wilderman;517
fraud_Hermiston, Russel and Price;518
fraud_Schmidt-Larkin;519
fraud_Lang, Towne and Schuppe;520
fraud_Weber, Thiel and Hammes;521
fraud_Hahn, Bahringer and McLaughlin;522
fraud_Koss, Hansen and Lueilwitz;523
fraud_Roberts, Ryan and Smith;524
fraud_Hintz, Bauch and Smith;525
fraud_Monahan, Hermann and Johns;526
fraud_Bahringer, Osinski and Block;527
fraud_Douglas, DuBuque and McKenzie;528
fraud_Hackett Group;529
fraud_Schmeler-Howe;530
fraud_Predovic Inc;531
fraud_Langworth LLC;532
fraud_Bartoletti and Sons;533
fraud_Bernhard-Lesch;534
fraud_Satterfield-Lowe;535
fraud_Runte, Green and Emard;536
fraud_Lowe, Dietrich and Erdman;537
fraud_Jast Ltd;538
fraud_Welch, Rath and Koepp;539
fraud_Skiles LLC;540
fraud_Ernser-Feest;541
fraud_Klein Group;542
fraud_Torp, Muller and Borer;543
fraud_Kuhn Group;544
fraud_Streich, Rolfson and Wilderman;545
fraud_Bins-Tillman;546
fraud_Ankunding-Carroll;547
fraud_Hahn, Douglas and Schowalter;548
fraud_Witting, Beer and Ernser;549
fraud_Morissette LLC;550
fraud_Berge-Hills;551
fraud_Donnelly LLC;552
fraud_Zboncak LLC;553
fraud_Turner, Ziemann and Lehner;554
fraud_Padberg-Sauer;555
fraud_Schulist Ltd;556
fraud_Rau-Grant;557
fraud_Osinski Inc;558
fraud_Berge-Ullrich;559
fraud_Wuckert-Goldner;560
fraud_Kertzmann LLC;561
fraud_Daugherty, Pouros and Beahan;562
fraud_Armstrong, Walter and Gottlieb;563
fraud_Conroy-Emard;564
fraud_Moore, Williamson and Emmerich;565
fraud_Gleason and Sons;566
fraud_Roberts, Daniel and Macejkovic;567
fraud_Turner LLC;568
fraud_Crooks and Sons;569
fraud_Waelchi Inc;570
fraud_Hoppe, Harris and Bednar;571
fraud_Effertz LLC;572
fraud_Lubowitz-Walter;573
fraud_Hyatt-Blick;574
fraud_Carroll PLC;575
fraud_Lemke and Sons;576
fraud_Treutel-King;577
fraud_Fadel-Hilpert;578
fraud_Altenwerth-Kilback;579
fraud_Bauch-Blanda;580
fraud_Sporer-Keebler;581
fraud_Hirthe-Beier;582
fraud_Wisozk and Sons;583
fraud_Streich Ltd;584
fraud_Schoen Ltd;585
fraud_Windler LLC;586
fraud_Nolan-Williamson;587
fraud_Roob-Okuneva;588
fraud_Lakin, Ferry and Beatty;589
fraud_Gottlieb Group;590
fraud_Harris Group;591
fraud_Fritsch LLC;592
fraud_Corwin-Romaguera;593
fraud_Dietrich-Fadel;594
fraud_Kling, Howe and Schneider;595
fraud_Kozey-Kuhlman;596
fraud_Graham and Sons;597
fraud_Jacobi and Sons;598
fraud_Eichmann, Hayes and Treutel;599
fraud_Brown, Homenick and Lesch;600
fraud_Erdman-Schaden;601
fraud_Durgan, Gislason and Spencer;602
fraud_Friesen-Ortiz;603
fraud_Morissette-Schaefer;604
fraud_Nienow, Ankunding and Collier;605
fraud_Cole, Hills and Jewess;606
fraud_Conroy, Balistreri and Gorczany;607
fraud_Reichel, Bradtke and Blanda;608
fraud_O'Reilly, Mohr and Purdy;609
fraud_Ullrich Ltd;610
fraud_Schroeder Group;611
fraud_Boyer-Haley;612
fraud_Dare, Casper and Bartoletti;613
fraud_Medhurst, Cartwright and Ebert;614
fraud_Quitzon-Goyette;615
fraud_Wilkinson LLC;616
fraud_Romaguera and Sons;617
fraud_Larkin Ltd;618
fraud_Fadel, Mertz and Rippin;619
fraud_Huel Ltd;620
fraud_Cummerata-Hilpert;621
fraud_Zemlak Group;622
fraud_Dare-Gibson;623
fraud_Adams-Barrows;624
fraud_Block-Hauck;625
fraud_Howe PLC;626
fraud_Leffler-Goldner;627
fraud_Tillman LLC;628
fraud_Pacocha-Weissnat;629
fraud_Morissette PLC;630
fraud_Jerde-Hermann;631
fraud_Kihn, Brakus and Goyette;632
fraud_Hills, Hegmann and Schaefer;633
fraud_Friesen Ltd;634
fraud_Kilback and Sons;635
fraud_Ebert-Daugherty;636
fraud_Hermiston, Pacocha and Smith;637
fraud_Auer LLC;638
fraud_Fadel Inc;639
fraud_Daugherty-Thompson;640
fraud_Romaguera Ltd;641
fraud_Parker-Kunde;642
fraud_Barton LLC;643
fraud_Kassulke Inc;644
fraud_McLaughlin, Armstrong and Koepp;645
fraud_Abernathy and Sons;646
fraud_Bahringer Group;647
fraud_Connelly PLC;648
fraud_Willms, Kris and Bergnaum;649
fraud_Thiel Ltd;650
fraud_Kris-Kertzmann;651
fraud_O'Connell-Ullrich;652
fraud_Kozey-McDermott;653
fraud_Reichel LLC;654
fraud_Thiel-Thiel;655
fraud_Rau-Robel;656
fraud_Haley Group;657
fraud_Turcotte, McKenzie and Koss;658
fraud_Stamm-Witting;659
fraud_Ritchie, Bradtke and Stiedemann;660
fraud_Nienow, Barrows and Romaguera;661
fraud_Shields-Wunsch;662
fraud_Goyette-Herzog;663
fraud_Shields Inc;664
fraud_Hayes, Marquardt and Dibbert;665
fraud_Swaniawski, Bahringer and Ledner;666
fraud_Roob LLC;667
fraud_Rutherford, Homenick and Bergstrom;668
fraud_Harris, Gusikowski and Heaney;669
fraud_Hintz-Bruen;670
fraud_Turner, Ruecker and Parisian;671
fraud_Ruecker Group;672
fraud_Johns-Hoeger;673
fraud_Ritchie, Oberbrunner and Cremin;674
fraud_Haag-Blanda;675
fraud_Hagenes, Hermann and Stroman;676
fraud_Reichert-Weissnat;677
fraud_Hyatt, Russel and Gleichner;678
fraud_Champlin, Rolfson and Connelly;679
fraud_Leannon-Nikolaus;680
fraud_Tromp Group;681
fraud_Kovacek Ltd;682
fraud_Kutch Group;683
fraud_Kohler, Lindgren and Koelpin;684
fraud_Heller-Abshire;685
fraud_Swift, Bradtke and Marquardt;686
fraud_Larson, Quitzon and Spencer;687
fraud_Kilback, Nitzsche and Leffler;688
fraud_Jakubowski Group;689
fraud_Breitenberg LLC;690
fraud_Collier Inc;691
fraud_Paucek-Wiza;692
fraud_Kessler Group;693
